champion_Name,tags,stats
Aatrox,"['Fighter', 'Tank']","{'hp': 537.8, 'hpperlevel': 85.0, 'mp': 105.6, 'mpperlevel': 45.0, 'movespeed': 345.0, 'armor': 24.384, 'armorperlevel': 3.8, 'spellblock': 32.1, 'spellblockperlevel': 1.25, 'attackrange': 150.0, 'hpregen': 6.59, 'hpregenperlevel': 0.5, 'mpregen': 0.0, 'mpregenperlevel': 0.0, 'crit': 0.0, 'critperlevel': 0.0, 'attackdamage': 60.376, 'attackdamageperlevel': 3.2, 'attackspeedoffset': -0.04, 'attackspeedperlevel': 3.0}"
Ahri,"['Mage', 'Assassin']","{'hp': 514.4, 'hpperlevel': 80.0, 'mp': 334.0, 'mpperlevel': 50.0, 'movespeed': 330.0, 'armor': 20.88, 'armorperlevel': 3.5, 'spellblock': 30.0, 'spellblockperlevel': 0.0, 'attackrange': 550.0, 'hpregen': 6.505, 'hpregenperlevel': 0.6, 'mpregen': 6.0, 'mpregenperlevel': 0.8, 'crit': 0.0, 'critperlevel': 0.0, 'attackdamage': 53.04, 'attackdamageperlevel': 3.0, 'attackspeedoffset': -0.065, 'attackspeedperlevel': 2.0}"
Akali,['Assassin'],"{'hp': 587.8, 'hpperlevel': 85.0, 'mp': 200.0, 'mpperlevel': 0.0, 'movespeed': 350.0, 'armor': 26.38, 'armorperlevel': 3.5, 'spellblock': 32.1, 'spellblockperlevel': 1.25, 'attackrange': 125.0, 'hpregen': 8.34, 'hpregenperlevel': 0.65, 'mpregen': 50.0, 'mpregenperlevel': 0.0, 'crit': 0.0, 'critperlevel': 0.0, 'attackdamage': 58.376, 'attackdamageperlevel': 3.2, 'attackspeedoffset': -0.1, 'attackspeedperlevel': 3.1}"
Alistar,"['Tank', 'Support']","{'hp': 613.36, 'hpperlevel': 106.0, 'mp': 278.84, 'mpperlevel': 38.0, 'movespeed': 330.0, 'armor': 24.38, 'armorperlevel': 3.5, 'spellblock': 32.1, 'spellblockperlevel': 1.25, 'attackrange': 125.0, 'hpregen': 8.675, 'hpregenperlevel': 0.85, 'mpregen': 8.5, 'mpregenperlevel': 0.8, 'crit': 0.0, 'critperlevel': 0.0, 'attackdamage': 61.1116, 'attackdamageperlevel': 3.62, 'attackspeedoffset': 0.0, 'attackspeedperlevel': 2.125}"
Amumu,"['Tank', 'Mage']","{'hp': 613.12, 'hpperlevel': 84.0, 'mp': 287.2, 'mpperlevel': 40.0, 'movespeed': 335.0, 'armor': 23.544, 'armorperlevel': 3.8, 'spellblock': 32.1, 'spellblockperlevel': 1.25, 'attackrange': 125.0, 'hpregen': 8.875, 'hpregenperlevel': 0.85, 'mpregen': 7.38, 'mpregenperlevel': 0.525, 'crit': 0.0, 'critperlevel': 0.0, 'attackdamage': 53.384, 'attackdamageperlevel': 3.8, 'attackspeedoffset': -0.02, 'attackspeedperlevel': 2.18}"
Anivia,"['Mage', 'Support']","{'hp': 467.6, 'hpperlevel': 70.0, 'mp': 396.04, 'mpperlevel': 50.0, 'movespeed': 325.0, 'armor': 21.22, 'armorperlevel': 4.0, 'spellblock': 30.0, 'spellblockperlevel': 0.0, 'attackrange': 600.0, 'hpregen': 5.57, 'hpregenperlevel': 0.55, 'mpregen': 6.0, 'mpregenperlevel': 0.8, 'crit': 0.0, 'critperlevel': 0.0, 'attackdamage': 51.376, 'attackdamageperlevel': 3.2, 'attackspeedoffset': 0.0, 'attackspeedperlevel': 1.68}"
Annie,['Mage'],"{'hp': 511.68, 'hpperlevel': 76.0, 'mp': 334.0, 'mpperlevel': 50.0, 'movespeed': 335.0, 'armor': 19.22, 'armorperlevel': 4.0, 'spellblock': 30.0, 'spellblockperlevel': 0.0, 'attackrange': 575.0, 'hpregen': 5.42, 'hpregenperlevel': 0.55, 'mpregen': 6.0, 'mpregenperlevel': 0.8, 'crit': 0.0, 'critperlevel': 0.0, 'attackdamage': 50.41, 'attackdamageperlevel': 2.625, 'attackspeedoffset': 0.08, 'attackspeedperlevel': 1.36}"
Ashe,"['Marksman', 'Support']","{'hp': 527.72, 'hpperlevel': 79.0, 'mp': 280.0, 'mpperlevel': 32.0, 'movespeed': 325.0, 'armor': 21.212, 'armorperlevel': 3.4, 'spellblock': 30.0, 'spellblockperlevel': 0.0, 'attackrange': 600.0, 'hpregen': 5.42, 'hpregenperlevel': 0.55, 'mpregen': 6.97, 'mpregenperlevel': 0.4, 'crit': 0.0, 'critperlevel': 0.0, 'attackdamage': 56.508, 'attackdamageperlevel': 2.26, 'attackspeedoffset': -0.05, 'attackspeedperlevel': 3.33}"
AurelionSol,"['Mage', 'Fighter']","{'hp': 550.0, 'hpperlevel': 80.0, 'mp': 350.0, 'mpperlevel': 50.0, 'movespeed': 325.0, 'armor': 19.0, 'armorperlevel': 3.6, 'spellblock': 30.0, 'spellblockperlevel': 0.0, 'attackrange': 550.0, 'hpregen': 6.5, 'hpregenperlevel': 0.6, 'mpregen': 6.0, 'mpregenperlevel': 0.8, 'crit': 0.0, 'critperlevel': 0.0, 'attackdamage': 57.0, 'attackdamageperlevel': 3.2, 'attackspeedoffset': 0.0, 'attackspeedperlevel': 1.36}"
Azir,"['Mage', 'Marksman']","{'hp': 524.4, 'hpperlevel': 80.0, 'mp': 350.56, 'mpperlevel': 42.0, 'movespeed': 325.0, 'armor': 19.04, 'armorperlevel': 3.0, 'spellblock': 30.0, 'spellblockperlevel': 0.0, 'attackrange': 525.0, 'hpregen': 6.92, 'hpregenperlevel': 0.55, 'mpregen': 6.0, 'mpregenperlevel': 0.8, 'crit': 0.0, 'critperlevel': 0.0, 'attackdamage': 52.0, 'attackdamageperlevel': 2.8, 'attackspeedoffset': -0.02, 'attackspeedperlevel': 1.5}"
Bard,"['Support', 'Mage']","{'hp': 535.0, 'hpperlevel': 89.0, 'mp': 350.0, 'mpperlevel': 50.0, 'movespeed': 330.0, 'armor': 25.0, 'armorperlevel': 4.0, 'spellblock': 30.0, 'spellblockperlevel': 0.0, 'attackrange': 500.0, 'hpregen': 5.4, 'hpregenperlevel': 0.55, 'mpregen': 6.0, 'mpregenperlevel': 0.45, 'crit': 0.0, 'critperlevel': 0.0, 'attackdamage': 52.0, 'attackdamageperlevel': 3.0, 'attackspeedoffset': 0.0, 'attackspeedperlevel': 2.0}"
Blitzcrank,"['Tank', 'Fighter']","{'hp': 582.6, 'hpperlevel': 95.0, 'mp': 267.2, 'mpperlevel': 40.0, 'movespeed': 325.0, 'armor': 24.38, 'armorperlevel': 4.0, 'spellblock': 32.1, 'spellblockperlevel': 1.25, 'attackrange': 125.0, 'hpregen': 8.51, 'hpregenperlevel': 0.75, 'mpregen': 8.5, 'mpregenperlevel': 0.8, 'crit': 0.0, 'critperlevel': 0.0, 'attackdamage': 61.54, 'attackdamageperlevel': 3.5, 'attackspeedoffset': 0.0, 'attackspeedperlevel': 1.13}"
Brand,['Mage'],"{'hp': 507.68, 'hpperlevel': 76.0, 'mp': 375.6, 'mpperlevel': 42.0, 'movespeed': 340.0, 'armor': 21.88, 'armorperlevel': 3.5, 'spellblock': 30.0, 'spellblockperlevel': 0.0, 'attackrange': 550.0, 'hpregen': 5.42, 'hpregenperlevel': 0.55, 'mpregen': 8.005, 'mpregenperlevel': 0.6, 'crit': 0.0, 'critperlevel': 0.0, 'attackdamage': 57.04, 'attackdamageperlevel': 3.0, 'attackspeedoffset': 0.0, 'attackspeedperlevel': 1.36}"
Braum,"['Support', 'Tank']","{'hp': 576.16, 'hpperlevel': 87.0, 'mp': 310.6, 'mpperlevel': 45.0, 'movespeed': 335.0, 'armor': 26.72, 'armorperlevel': 4.5, 'spellblock': 32.1, 'spellblockperlevel': 1.25, 'attackrange': 125.0, 'hpregen': 8.18, 'hpregenperlevel': 1.0, 'mpregen': 6.0, 'mpregenperlevel': 0.8, 'crit': 0.0, 'critperlevel': 0.0, 'attackdamage': 55.376, 'attackdamageperlevel': 3.2, 'attackspeedoffset': -0.03, 'attackspeedperlevel': 3.5}"
Caitlyn,['Marksman'],"{'hp': 524.4, 'hpperlevel': 80.0, 'mp': 313.7, 'mpperlevel': 35.0, 'movespeed': 325.0, 'armor': 22.88, 'armorperlevel': 3.5, 'spellblock': 30.0, 'spellblockperlevel': 0.0, 'attackrange': 650.0, 'hpregen': 5.67, 'hpregenperlevel': 0.55, 'mpregen': 7.4, 'mpregenperlevel': 0.55, 'crit': 0.0, 'critperlevel': 0.0, 'attackdamage': 53.66, 'attackdamageperlevel': 2.18, 'attackspeedoffset': 0.1, 'attackspeedperlevel': 4.0}"
Camille,"['Fighter', 'Tank']","{'hp': 575.6, 'hpperlevel': 95.0, 'mp': 338.8, 'mpperlevel': 32.0, 'movespeed': 340.0, 'armor': 26.0, 'armorperlevel': 3.8, 'spellblock': 32.1, 'spellblockperlevel': 1.25, 'attackrange': 125.0, 'hpregen': 8.5, 'hpregenperlevel': 0.8, 'mpregen': 8.15, 'mpregenperlevel': 0.75, 'crit': 0.0, 'critperlevel': 0.0, 'attackdamage': 62.0, 'attackdamageperlevel': 3.5, 'attackspeedoffset': 0.0, 'attackspeedperlevel': 2.5}"
Cassiopeia,['Mage'],"{'hp': 525.0, 'hpperlevel': 75.0, 'mp': 375.0, 'mpperlevel': 60.0, 'movespeed': 328.0, 'armor': 25.0, 'armorperlevel': 3.5, 'spellblock': 30.0, 'spellblockperlevel': 0.0, 'attackrange': 550.0, 'hpregen': 5.5, 'hpregenperlevel': 0.5, 'mpregen': 6.0, 'mpregenperlevel': 0.8, 'crit': 0.0, 'critperlevel': 0.0, 'attackdamage': 53.0, 'attackdamageperlevel': 3.0, 'attackspeedoffset': -0.034, 'attackspeedperlevel': 1.5}"
Chogath,"['Tank', 'Mage']","{'hp': 574.4, 'hpperlevel': 80.0, 'mp': 272.2, 'mpperlevel': 40.0, 'movespeed': 345.0, 'armor': 28.88, 'armorperlevel': 3.5, 'spellblock': 32.1, 'spellblockperlevel': 1.25, 'attackrange': 125.0, 'hpregen': 8.925, 'hpregenperlevel': 0.85, 'mpregen': 7.205, 'mpregenperlevel': 0.45, 'crit': 0.0, 'critperlevel': 0.0, 'attackdamage': 61.156, 'attackdamageperlevel': 4.2, 'attackspeedoffset': 0.0, 'attackspeedperlevel': 1.44}"
Corki,['Marksman'],"{'hp': 512.76, 'hpperlevel': 82.0, 'mp': 350.16, 'mpperlevel': 34.0, 'movespeed': 325.0, 'armor': 23.38, 'armorperlevel': 3.5, 'spellblock': 30.0, 'spellblockperlevel': 0.0, 'attackrange': 550.0, 'hpregen': 5.42, 'hpregenperlevel': 0.55, 'mpregen': 7.42, 'mpregenperlevel': 0.55, 'crit': 0.0, 'critperlevel': 0.0, 'attackdamage': 56.0, 'attackdamageperlevel': 3.5, 'attackspeedoffset': 0.0, 'attackspeedperlevel': 2.3}"
Darius,"['Fighter', 'Tank']","{'hp': 582.24, 'hpperlevel': 100.0, 'mp': 263.0, 'mpperlevel': 37.5, 'movespeed': 340.0, 'armor': 30.0, 'armorperlevel': 4.0, 'spellblock': 32.1, 'spellblockperlevel': 1.25, 'attackrange': 175.0, 'hpregen': 9.845, 'hpregenperlevel': 0.95, 'mpregen': 6.585, 'mpregenperlevel': 0.35, 'crit': 0.0, 'critperlevel': 0.0, 'attackdamage': 56.0, 'attackdamageperlevel': 5.0, 'attackspeedoffset': 0.0, 'attackspeedperlevel': 1.0}"
Diana,"['Fighter', 'Mage']","{'hp': 589.2, 'hpperlevel': 90.0, 'mp': 297.2, 'mpperlevel': 40.0, 'movespeed': 345.0, 'armor': 26.048, 'armorperlevel': 3.6, 'spellblock': 32.1, 'spellblockperlevel': 1.25, 'attackrange': 150.0, 'hpregen': 7.425, 'hpregenperlevel': 0.85, 'mpregen': 6.0, 'mpregenperlevel': 0.8, 'crit': 0.0, 'critperlevel': 0.0, 'attackdamage': 53.04, 'attackdamageperlevel': 3.0, 'attackspeedoffset': 0.0, 'attackspeedperlevel': 2.25}"
Draven,['Marksman'],"{'hp': 557.76, 'hpperlevel': 82.0, 'mp': 360.56, 'mpperlevel': 39.0, 'movespeed': 330.0, 'armor': 25.544, 'armorperlevel': 3.3, 'spellblock': 30.0, 'spellblockperlevel': 0.0, 'attackrange': 550.0, 'hpregen': 6.175, 'hpregenperlevel': 0.7, 'mpregen': 8.04, 'mpregenperlevel': 0.65, 'crit': 0.0, 'critperlevel': 0.0, 'attackdamage': 55.8, 'attackdamageperlevel': 2.91, 'attackspeedoffset': -0.08, 'attackspeedperlevel': 2.7}"
DrMundo,"['Fighter', 'Tank']","{'hp': 582.52, 'hpperlevel': 89.0, 'mp': 0.0, 'mpperlevel': 0.0, 'movespeed': 345.0, 'armor': 26.88, 'armorperlevel': 3.5, 'spellblock': 32.1, 'spellblockperlevel': 1.25, 'attackrange': 125.0, 'hpregen': 7.76, 'hpregenperlevel': 0.75, 'mpregen': 0.0, 'mpregenperlevel': 0.0, 'crit': 0.0, 'critperlevel': 0.0, 'attackdamage': 61.27, 'attackdamageperlevel': 3.0, 'attackspeedoffset': 0.0, 'attackspeedperlevel': 2.8}"
Ekko,"['Assassin', 'Fighter']","{'hp': 580.0, 'hpperlevel': 80.0, 'mp': 280.0, 'mpperlevel': 50.0, 'movespeed': 340.0, 'armor': 27.0, 'armorperlevel': 3.0, 'spellblock': 32.0, 'spellblockperlevel': 1.25, 'attackrange': 125.0, 'hpregen': 9.0, 'hpregenperlevel': 0.9, 'mpregen': 7.0, 'mpregenperlevel': 0.8, 'crit': 0.0, 'critperlevel': 0.0, 'attackdamage': 55.0, 'attackdamageperlevel': 3.0, 'attackspeedoffset': 0.0, 'attackspeedperlevel': 3.3}"
Elise,"['Mage', 'Fighter']","{'hp': 529.4, 'hpperlevel': 80.0, 'mp': 324.0, 'mpperlevel': 50.0, 'movespeed': 325.0, 'armor': 22.128, 'armorperlevel': 3.35, 'spellblock': 30.0, 'spellblockperlevel': 0.0, 'attackrange': 550.0, 'hpregen': 5.705, 'hpregenperlevel': 0.6, 'mpregen': 6.0, 'mpregenperlevel': 0.8, 'crit': 0.0, 'critperlevel': 0.0, 'attackdamage': 50.54, 'attackdamageperlevel': 3.0, 'attackspeedoffset': 0.0, 'attackspeedperlevel': 1.75}"
Evelynn,"['Assassin', 'Mage']","{'hp': 531.2, 'hpperlevel': 90.0, 'mp': 315.6, 'mpperlevel': 42.0, 'movespeed': 340.0, 'armor': 26.5, 'armorperlevel': 3.8, 'spellblock': 32.1, 'spellblockperlevel': 1.25, 'attackrange': 125.0, 'hpregen': 9.82, 'hpregenperlevel': 0.55, 'mpregen': 8.105, 'mpregenperlevel': 0.6, 'crit': 0.0, 'critperlevel': 0.0, 'attackdamage': 53.88, 'attackdamageperlevel': 3.5, 'attackspeedoffset': 0.0, 'attackspeedperlevel': 3.6}"
Ezreal,"['Marksman', 'Mage']","{'hp': 484.4, 'hpperlevel': 80.0, 'mp': 360.6, 'mpperlevel': 42.0, 'movespeed': 325.0, 'armor': 21.88, 'armorperlevel': 3.5, 'spellblock': 30.0, 'spellblockperlevel': 0.0, 'attackrange': 550.0, 'hpregen': 6.42, 'hpregenperlevel': 0.55, 'mpregen': 8.09, 'mpregenperlevel': 0.65, 'crit': 0.0, 'critperlevel': 0.0, 'attackdamage': 55.66, 'attackdamageperlevel': 2.41, 'attackspeedoffset': 0.0, 'attackspeedperlevel': 2.8}"
FiddleSticks,"['Mage', 'Support']","{'hp': 524.4, 'hpperlevel': 80.0, 'mp': 400.12, 'mpperlevel': 56.0, 'movespeed': 335.0, 'armor': 20.88, 'armorperlevel': 3.5, 'spellblock': 30.0, 'spellblockperlevel': 0.0, 'attackrange': 480.0, 'hpregen': 5.605, 'hpregenperlevel': 0.6, 'mpregen': 6.0, 'mpregenperlevel': 0.8, 'crit': 0.0, 'critperlevel': 0.0, 'attackdamage': 48.36, 'attackdamageperlevel': 2.625, 'attackspeedoffset': 0.0, 'attackspeedperlevel': 2.11}"
Fiora,"['Fighter', 'Assassin']","{'hp': 550.0, 'hpperlevel': 85.0, 'mp': 300.0, 'mpperlevel': 40.0, 'movespeed': 345.0, 'armor': 24.0, 'armorperlevel': 3.5, 'spellblock': 32.1, 'spellblockperlevel': 1.25, 'attackrange': 150.0, 'hpregen': 8.25, 'hpregenperlevel': 0.55, 'mpregen': 8.0, 'mpregenperlevel': 0.7, 'crit': 0.0, 'critperlevel': 0.0, 'attackdamage': 60.0, 'attackdamageperlevel': 3.3, 'attackspeedoffset': 0.0, 'attackspeedperlevel': 3.2}"
Fizz,"['Assassin', 'Fighter']","{'hp': 558.48, 'hpperlevel': 86.0, 'mp': 317.2, 'mpperlevel': 37.0, 'movespeed': 335.0, 'armor': 22.412, 'armorperlevel': 3.4, 'spellblock': 32.1, 'spellblockperlevel': 1.25, 'attackrange': 175.0, 'hpregen': 8.175, 'hpregenperlevel': 0.7, 'mpregen': 6.0, 'mpregenperlevel': 0.8, 'crit': 0.0, 'critperlevel': 0.0, 'attackdamage': 58.04, 'attackdamageperlevel': 3.0, 'attackspeedoffset': -0.05, 'attackspeedperlevel': 3.1}"
Galio,"['Tank', 'Mage']","{'hp': 577.8, 'hpperlevel': 85.0, 'mp': 369.0, 'mpperlevel': 47.0, 'movespeed': 335.0, 'armor': 26.88, 'armorperlevel': 3.5, 'spellblock': 32.1, 'spellblockperlevel': 1.25, 'attackrange': 125.0, 'hpregen': 8.71, 'hpregenperlevel': 0.75, 'mpregen': 6.0, 'mpregenperlevel': 0.8, 'crit': 0.0, 'critperlevel': 0.0, 'attackdamage': 61.97, 'attackdamageperlevel': 3.375, 'attackspeedoffset': -0.02, 'attackspeedperlevel': 1.2}"
Gangplank,['Fighter'],"{'hp': 540.0, 'hpperlevel': 82.0, 'mp': 282.0, 'mpperlevel': 40.0, 'movespeed': 345.0, 'armor': 26.0, 'armorperlevel': 3.0, 'spellblock': 32.1, 'spellblockperlevel': 1.25, 'attackrange': 125.0, 'hpregen': 6.0, 'hpregenperlevel': 0.6, 'mpregen': 7.5, 'mpregenperlevel': 0.7, 'crit': 0.0, 'critperlevel': 0.0, 'attackdamage': 56.0, 'attackdamageperlevel': 3.0, 'attackspeedoffset': 0.0, 'attackspeedperlevel': 3.2}"
Garen,"['Fighter', 'Tank']","{'hp': 616.28, 'hpperlevel': 84.25, 'mp': 0.0, 'mpperlevel': 0.0, 'movespeed': 340.0, 'armor': 27.536, 'armorperlevel': 3.0, 'spellblock': 32.1, 'spellblockperlevel': 1.25, 'attackrange': 175.0, 'hpregen': 7.84, 'hpregenperlevel': 0.5, 'mpregen': 0.0, 'mpregenperlevel': 0.0, 'crit': 0.0, 'critperlevel': 0.0, 'attackdamage': 57.88, 'attackdamageperlevel': 4.5, 'attackspeedoffset': 0.0, 'attackspeedperlevel': 2.9}"
Gnar,"['Fighter', 'Tank']","{'hp': 540.0, 'hpperlevel': 65.0, 'mp': 100.0, 'mpperlevel': 0.0, 'movespeed': 325.0, 'armor': 23.0, 'armorperlevel': 2.5, 'spellblock': 30.0, 'spellblockperlevel': 0.0, 'attackrange': 175.0, 'hpregen': 2.5, 'hpregenperlevel': 0.5, 'mpregen': 0.0, 'mpregenperlevel': 0.0, 'crit': 0.0, 'critperlevel': 0.0, 'attackdamage': 51.0, 'attackdamageperlevel': 3.0, 'attackspeedoffset': 0.0, 'attackspeedperlevel': 6.0}"
Gragas,"['Fighter', 'Mage']","{'hp': 583.52, 'hpperlevel': 89.0, 'mp': 400.0, 'mpperlevel': 47.0, 'movespeed': 330.0, 'armor': 26.048, 'armorperlevel': 3.6, 'spellblock': 32.1, 'spellblockperlevel': 1.25, 'attackrange': 125.0, 'hpregen': 5.5, 'hpregenperlevel': 0.5, 'mpregen': 6.0, 'mpregenperlevel': 0.8, 'crit': 0.0, 'critperlevel': 0.0, 'attackdamage': 61.38, 'attackdamageperlevel': 3.5, 'attackspeedoffset': -0.04, 'attackspeedperlevel': 2.05}"
Graves,['Marksman'],"{'hp': 551.12, 'hpperlevel': 84.0, 'mp': 322.2, 'mpperlevel': 40.0, 'movespeed': 340.0, 'armor': 24.376, 'armorperlevel': 3.4, 'spellblock': 30.0, 'spellblockperlevel': 0.0, 'attackrange': 425.0, 'hpregen': 6.675, 'hpregenperlevel': 0.7, 'mpregen': 7.9, 'mpregenperlevel': 0.7, 'crit': 0.0, 'critperlevel': 0.0, 'attackdamage': 60.83, 'attackdamageperlevel': 2.41, 'attackspeedoffset': 0.3, 'attackspeedperlevel': 2.6}"
Hecarim,"['Fighter', 'Tank']","{'hp': 580.0, 'hpperlevel': 90.0, 'mp': 277.2, 'mpperlevel': 40.0, 'movespeed': 345.0, 'armor': 26.72, 'armorperlevel': 4.0, 'spellblock': 32.1, 'spellblockperlevel': 1.25, 'attackrange': 175.0, 'hpregen': 7.0, 'hpregenperlevel': 0.75, 'mpregen': 6.5, 'mpregenperlevel': 0.6, 'crit': 0.0, 'critperlevel': 0.0, 'attackdamage': 58.0, 'attackdamageperlevel': 3.2, 'attackspeedoffset': -0.0672, 'attackspeedperlevel': 2.5}"
Heimerdinger,"['Mage', 'Support']","{'hp': 476.0, 'hpperlevel': 75.0, 'mp': 307.2, 'mpperlevel': 40.0, 'movespeed': 340.0, 'armor': 19.04, 'armorperlevel': 3.0, 'spellblock': 30.0, 'spellblockperlevel': 0.0, 'attackrange': 550.0, 'hpregen': 11.005, 'hpregenperlevel': 1.75, 'mpregen': 6.0, 'mpregenperlevel': 0.8, 'crit': 0.0, 'critperlevel': 0.0, 'attackdamage': 55.536, 'attackdamageperlevel': 2.7, 'attackspeedoffset': 0.0, 'attackspeedperlevel': 1.36}"
Illaoi,"['Fighter', 'Tank']","{'hp': 585.6, 'hpperlevel': 95.0, 'mp': 300.0, 'mpperlevel': 40.0, 'movespeed': 340.0, 'armor': 26.0, 'armorperlevel': 3.8, 'spellblock': 32.1, 'spellblockperlevel': 1.25, 'attackrange': 125.0, 'hpregen': 9.5, 'hpregenperlevel': 0.8, 'mpregen': 7.5, 'mpregenperlevel': 0.75, 'crit': 0.0, 'critperlevel': 0.0, 'attackdamage': 60.0, 'attackdamageperlevel': 5.0, 'attackspeedoffset': 0.0, 'attackspeedperlevel': 2.5}"
Irelia,"['Fighter', 'Assassin']","{'hp': 607.2, 'hpperlevel': 90.0, 'mp': 338.8, 'mpperlevel': 32.0, 'movespeed': 345.0, 'armor': 25.3, 'armorperlevel': 3.75, 'spellblock': 32.1, 'spellblockperlevel': 1.25, 'attackrange': 125.0, 'hpregen': 8.59, 'hpregenperlevel': 0.65, 'mpregen': 8.1, 'mpregenperlevel': 0.65, 'crit': 0.0, 'critperlevel': 0.0, 'attackdamage': 61.544, 'attackdamageperlevel': 3.3, 'attackspeedoffset': -0.06, 'attackspeedperlevel': 3.2}"
Ivern,"['Support', 'Mage']","{'hp': 580.0, 'hpperlevel': 90.0, 'mp': 450.0, 'mpperlevel': 60.0, 'movespeed': 330.0, 'armor': 22.0, 'armorperlevel': 3.5, 'spellblock': 32.1, 'spellblockperlevel': 1.25, 'attackrange': 125.0, 'hpregen': 6.9, 'hpregenperlevel': 0.85, 'mpregen': 6.0, 'mpregenperlevel': 0.75, 'crit': 0.0, 'critperlevel': 0.0, 'attackdamage': 50.0, 'attackdamageperlevel': 3.0, 'attackspeedoffset': -0.03, 'attackspeedperlevel': 3.4}"
Janna,"['Support', 'Mage']","{'hp': 487.04, 'hpperlevel': 78.0, 'mp': 409.52, 'mpperlevel': 64.0, 'movespeed': 335.0, 'armor': 19.384, 'armorperlevel': 3.8, 'spellblock': 30.0, 'spellblockperlevel': 0.0, 'attackrange': 475.0, 'hpregen': 5.42, 'hpregenperlevel': 0.55, 'mpregen': 11.5, 'mpregenperlevel': 0.4, 'crit': 0.0, 'critperlevel': 0.0, 'attackdamage': 51.956, 'attackdamageperlevel': 2.95, 'attackspeedoffset': 0.0, 'attackspeedperlevel': 2.61}"
JarvanIV,"['Tank', 'Fighter']","{'hp': 571.2, 'hpperlevel': 90.0, 'mp': 302.2, 'mpperlevel': 40.0, 'movespeed': 340.0, 'armor': 29.0, 'armorperlevel': 3.6, 'spellblock': 32.1, 'spellblockperlevel': 1.25, 'attackrange': 175.0, 'hpregen': 8.175, 'hpregenperlevel': 0.7, 'mpregen': 6.755, 'mpregenperlevel': 0.45, 'crit': 0.0, 'critperlevel': 0.0, 'attackdamage': 55.712, 'attackdamageperlevel': 3.4, 'attackspeedoffset': -0.05, 'attackspeedperlevel': 2.5}"
Jax,"['Fighter', 'Assassin']","{'hp': 592.8, 'hpperlevel': 85.0, 'mp': 338.8, 'mpperlevel': 32.0, 'movespeed': 350.0, 'armor': 27.04, 'armorperlevel': 3.0, 'spellblock': 32.1, 'spellblockperlevel': 1.25, 'attackrange': 125.0, 'hpregen': 8.37, 'hpregenperlevel': 0.55, 'mpregen': 7.575, 'mpregenperlevel': 0.7, 'crit': 0.0, 'critperlevel': 0.0, 'attackdamage': 61.97, 'attackdamageperlevel': 3.375, 'attackspeedoffset': -0.02, 'attackspeedperlevel': 3.4}"
Jayce,"['Fighter', 'Marksman']","{'hp': 571.2, 'hpperlevel': 90.0, 'mp': 357.2, 'mpperlevel': 37.0, 'movespeed': 335.0, 'armor': 22.38, 'armorperlevel': 3.5, 'spellblock': 30.0, 'spellblockperlevel': 0.0, 'attackrange': 125.0, 'hpregen': 7.34, 'hpregenperlevel': 0.8, 'mpregen': 6.0, 'mpregenperlevel': 0.8, 'crit': 0.0, 'critperlevel': 0.0, 'attackdamage': 50.38, 'attackdamageperlevel': 3.5, 'attackspeedoffset': -0.05, 'attackspeedperlevel': 3.0}"
Jhin,"['Marksman', 'Assassin']","{'hp': 540.0, 'hpperlevel': 85.0, 'mp': 300.0, 'mpperlevel': 50.0, 'movespeed': 330.0, 'armor': 20.0, 'armorperlevel': 3.5, 'spellblock': 30.0, 'spellblockperlevel': 0.0, 'attackrange': 550.0, 'hpregen': 6.0, 'hpregenperlevel': 0.55, 'mpregen': 6.0, 'mpregenperlevel': 0.8, 'crit': 0.0, 'critperlevel': 0.0, 'attackdamage': 53.0, 'attackdamageperlevel': 4.0, 'attackspeedoffset': 0.0, 'attackspeedperlevel': 0.0}"
Jinx,['Marksman'],"{'hp': 517.76, 'hpperlevel': 82.0, 'mp': 245.6, 'mpperlevel': 45.0, 'movespeed': 325.0, 'armor': 22.88, 'armorperlevel': 3.5, 'spellblock': 30.0, 'spellblockperlevel': 0.0, 'attackrange': 525.0, 'hpregen': 5.84, 'hpregenperlevel': 0.5, 'mpregen': 6.68, 'mpregenperlevel': 1.0, 'crit': 0.0, 'critperlevel': 0.0, 'attackdamage': 58.46, 'attackdamageperlevel': 2.41, 'attackspeedoffset': 0.0, 'attackspeedperlevel': 1.0}"
Kalista,['Marksman'],"{'hp': 517.76, 'hpperlevel': 83.0, 'mp': 231.8, 'mpperlevel': 35.0, 'movespeed': 325.0, 'armor': 19.012, 'armorperlevel': 3.5, 'spellblock': 30.0, 'spellblockperlevel': 0.0, 'attackrange': 550.0, 'hpregen': 6.0, 'hpregenperlevel': 0.55, 'mpregen': 6.3, 'mpregenperlevel': 0.4, 'crit': 0.0, 'critperlevel': 0.0, 'attackdamage': 63.0, 'attackdamageperlevel': 2.9, 'attackspeedoffset': -0.03, 'attackspeedperlevel': 2.5}"
Karma,"['Mage', 'Support']","{'hp': 522.44, 'hpperlevel': 83.0, 'mp': 374.0, 'mpperlevel': 50.0, 'movespeed': 335.0, 'armor': 20.384, 'armorperlevel': 3.8, 'spellblock': 30.0, 'spellblockperlevel': 0.0, 'attackrange': 525.0, 'hpregen': 5.62, 'hpregenperlevel': 0.55, 'mpregen': 8.5, 'mpregenperlevel': 0.8, 'crit': 0.0, 'critperlevel': 0.0, 'attackdamage': 53.544, 'attackdamageperlevel': 3.3, 'attackspeedoffset': 0.0, 'attackspeedperlevel': 2.3}"
Karthus,['Mage'],"{'hp': 516.0, 'hpperlevel': 75.0, 'mp': 372.48, 'mpperlevel': 61.0, 'movespeed': 335.0, 'armor': 20.88, 'armorperlevel': 3.5, 'spellblock': 30.0, 'spellblockperlevel': 0.0, 'attackrange': 450.0, 'hpregen': 6.42, 'hpregenperlevel': 0.55, 'mpregen': 6.0, 'mpregenperlevel': 0.8, 'crit': 0.0, 'critperlevel': 0.0, 'attackdamage': 45.66, 'attackdamageperlevel': 3.25, 'attackspeedoffset': 0.0, 'attackspeedperlevel': 2.11}"
Kassadin,"['Assassin', 'Mage']","{'hp': 564.04, 'hpperlevel': 78.0, 'mp': 397.6, 'mpperlevel': 67.0, 'movespeed': 340.0, 'armor': 23.376, 'armorperlevel': 3.2, 'spellblock': 30.0, 'spellblockperlevel': 0.0, 'attackrange': 150.0, 'hpregen': 7.79, 'hpregenperlevel': 0.5, 'mpregen': 6.0, 'mpregenperlevel': 0.8, 'crit': 0.0, 'critperlevel': 0.0, 'attackdamage': 58.852, 'attackdamageperlevel': 3.9, 'attackspeedoffset': -0.023, 'attackspeedperlevel': 3.7}"
Katarina,"['Assassin', 'Mage']","{'hp': 590.0, 'hpperlevel': 82.0, 'mp': 0.0, 'mpperlevel': 0.0, 'movespeed': 340.0, 'armor': 27.88, 'armorperlevel': 3.5, 'spellblock': 34.1, 'spellblockperlevel': 1.25, 'attackrange': 125.0, 'hpregen': 7.5, 'hpregenperlevel': 0.7, 'mpregen': 0.0, 'mpregenperlevel': 0.0, 'crit': 0.0, 'critperlevel': 0.0, 'attackdamage': 58.0, 'attackdamageperlevel': 3.2, 'attackspeedoffset': -0.05, 'attackspeedperlevel': 2.74}"
Kayle,"['Fighter', 'Support']","{'hp': 574.24, 'hpperlevel': 93.0, 'mp': 322.2, 'mpperlevel': 40.0, 'movespeed': 335.0, 'armor': 26.88, 'armorperlevel': 3.5, 'spellblock': 30.0, 'spellblockperlevel': 0.0, 'attackrange': 125.0, 'hpregen': 8.26, 'hpregenperlevel': 0.75, 'mpregen': 6.0, 'mpregenperlevel': 0.8, 'crit': 0.0, 'critperlevel': 0.0, 'attackdamage': 51.0, 'attackdamageperlevel': 2.8, 'attackspeedoffset': -0.02, 'attackspeedperlevel': 2.2}"
Kennen,"['Mage', 'Marksman']","{'hp': 535.72, 'hpperlevel': 79.0, 'mp': 200.0, 'mpperlevel': 0.0, 'movespeed': 335.0, 'armor': 24.3, 'armorperlevel': 3.75, 'spellblock': 30.0, 'spellblockperlevel': 0.0, 'attackrange': 550.0, 'hpregen': 5.59, 'hpregenperlevel': 0.65, 'mpregen': 50.0, 'mpregenperlevel': 0.0, 'crit': 0.0, 'critperlevel': 0.0, 'attackdamage': 50.544, 'attackdamageperlevel': 3.3, 'attackspeedoffset': -0.0947, 'attackspeedperlevel': 3.4}"
Khazix,"['Assassin', 'Fighter']","{'hp': 572.8, 'hpperlevel': 85.0, 'mp': 327.2, 'mpperlevel': 40.0, 'movespeed': 350.0, 'armor': 27.0, 'armorperlevel': 3.0, 'spellblock': 32.1, 'spellblockperlevel': 1.25, 'attackrange': 125.0, 'hpregen': 7.51, 'hpregenperlevel': 0.75, 'mpregen': 7.59, 'mpregenperlevel': 0.5, 'crit': 0.0, 'critperlevel': 0.0, 'attackdamage': 55.21, 'attackdamageperlevel': 3.1, 'attackspeedoffset': -0.065, 'attackspeedperlevel': 2.7}"
Kindred,['Marksman'],"{'hp': 540.0, 'hpperlevel': 85.0, 'mp': 300.0, 'mpperlevel': 35.0, 'movespeed': 325.0, 'armor': 20.0, 'armorperlevel': 3.5, 'spellblock': 30.0, 'spellblockperlevel': 0.0, 'attackrange': 500.0, 'hpregen': 7.0, 'hpregenperlevel': 0.55, 'mpregen': 6.97, 'mpregenperlevel': 0.4, 'crit': 0.0, 'critperlevel': 0.0, 'attackdamage': 54.0, 'attackdamageperlevel': 1.7, 'attackspeedoffset': 0.0, 'attackspeedperlevel': 2.5}"
Kled,"['Fighter', 'Tank']","{'hp': 340.0, 'hpperlevel': 70.0, 'mp': 100.0, 'mpperlevel': 0.0, 'movespeed': 345.0, 'armor': 26.0, 'armorperlevel': 4.0, 'spellblock': 32.1, 'spellblockperlevel': 1.25, 'attackrange': 125.0, 'hpregen': 6.0, 'hpregenperlevel': 0.75, 'mpregen': 0.0, 'mpregenperlevel': 0.0, 'crit': 0.0, 'critperlevel': 0.0, 'attackdamage': 55.0, 'attackdamageperlevel': 3.0, 'attackspeedoffset': 0.0, 'attackspeedperlevel': 3.5}"
KogMaw,"['Marksman', 'Mage']","{'hp': 517.76, 'hpperlevel': 82.0, 'mp': 322.2, 'mpperlevel': 40.0, 'movespeed': 325.0, 'armor': 19.88, 'armorperlevel': 3.5, 'spellblock': 30.0, 'spellblockperlevel': 0.0, 'attackrange': 500.0, 'hpregen': 5.92, 'hpregenperlevel': 0.55, 'mpregen': 8.675, 'mpregenperlevel': 0.7, 'crit': 0.0, 'critperlevel': 0.0, 'attackdamage': 57.46, 'attackdamageperlevel': 2.41, 'attackspeedoffset': -0.06, 'attackspeedperlevel': 2.65}"
Leblanc,"['Assassin', 'Mage']","{'hp': 516.0, 'hpperlevel': 80.0, 'mp': 334.0, 'mpperlevel': 50.0, 'movespeed': 340.0, 'armor': 21.88, 'armorperlevel': 3.5, 'spellblock': 30.0, 'spellblockperlevel': 0.0, 'attackrange': 525.0, 'hpregen': 7.4, 'hpregenperlevel': 0.55, 'mpregen': 6.0, 'mpregenperlevel': 0.8, 'crit': 0.0, 'critperlevel': 0.0, 'attackdamage': 54.88, 'attackdamageperlevel': 3.5, 'attackspeedoffset': 0.0, 'attackspeedperlevel': 1.4}"
LeeSin,"['Fighter', 'Assassin']","{'hp': 570.8, 'hpperlevel': 85.0, 'mp': 200.0, 'mpperlevel': 0.0, 'movespeed': 350.0, 'armor': 24.216, 'armorperlevel': 3.7, 'spellblock': 32.1, 'spellblockperlevel': 1.25, 'attackrange': 125.0, 'hpregen': 7.425, 'hpregenperlevel': 0.7, 'mpregen': 50.0, 'mpregenperlevel': 0.0, 'crit': 0.0, 'critperlevel': 0.0, 'attackdamage': 61.176, 'attackdamageperlevel': 3.2, 'attackspeedoffset': -0.04, 'attackspeedperlevel': 3.0}"
Leona,"['Tank', 'Support']","{'hp': 576.16, 'hpperlevel': 87.0, 'mp': 302.2, 'mpperlevel': 40.0, 'movespeed': 335.0, 'armor': 27.208, 'armorperlevel': 3.6, 'spellblock': 32.1, 'spellblockperlevel': 1.25, 'attackrange': 125.0, 'hpregen': 8.425, 'hpregenperlevel': 0.85, 'mpregen': 6.0, 'mpregenperlevel': 0.8, 'crit': 0.0, 'critperlevel': 0.0, 'attackdamage': 60.04, 'attackdamageperlevel': 3.0, 'attackspeedoffset': 0.0, 'attackspeedperlevel': 2.9}"
Lissandra,['Mage'],"{'hp': 506.12, 'hpperlevel': 75.0, 'mp': 304.0, 'mpperlevel': 50.0, 'movespeed': 325.0, 'armor': 20.216, 'armorperlevel': 3.7, 'spellblock': 30.0, 'spellblockperlevel': 0.0, 'attackrange': 550.0, 'hpregen': 6.92, 'hpregenperlevel': 0.55, 'mpregen': 5.67, 'mpregenperlevel': 0.4, 'crit': 0.0, 'critperlevel': 0.0, 'attackdamage': 50.536, 'attackdamageperlevel': 2.7, 'attackspeedoffset': 0.0, 'attackspeedperlevel': 1.36}"
Lucian,['Marksman'],"{'hp': 554.4, 'hpperlevel': 80.0, 'mp': 348.88, 'mpperlevel': 38.0, 'movespeed': 335.0, 'armor': 24.04, 'armorperlevel': 3.0, 'spellblock': 30.0, 'spellblockperlevel': 0.0, 'attackrange': 500.0, 'hpregen': 6.19, 'hpregenperlevel': 0.65, 'mpregen': 8.175, 'mpregenperlevel': 0.7, 'crit': 0.0, 'critperlevel': 0.0, 'attackdamage': 57.46, 'attackdamageperlevel': 2.41, 'attackspeedoffset': -0.02, 'attackspeedperlevel': 3.3}"
Lulu,"['Support', 'Mage']","{'hp': 552.76, 'hpperlevel': 74.0, 'mp': 350.0, 'mpperlevel': 55.0, 'movespeed': 330.0, 'armor': 19.216, 'armorperlevel': 3.7, 'spellblock': 30.0, 'spellblockperlevel': 0.0, 'attackrange': 550.0, 'hpregen': 6.005, 'hpregenperlevel': 0.6, 'mpregen': 11.0, 'mpregenperlevel': 0.6, 'crit': 0.0, 'critperlevel': 0.0, 'attackdamage': 46.368, 'attackdamageperlevel': 2.6, 'attackspeedoffset': 0.0, 'attackspeedperlevel': 2.25}"
Lux,"['Mage', 'Support']","{'hp': 477.72, 'hpperlevel': 79.0, 'mp': 384.0, 'mpperlevel': 47.0, 'movespeed': 330.0, 'armor': 18.72, 'armorperlevel': 4.0, 'spellblock': 30.0, 'spellblockperlevel': 0.0, 'attackrange': 550.0, 'hpregen': 5.42, 'hpregenperlevel': 0.55, 'mpregen': 6.0, 'mpregenperlevel': 0.8, 'crit': 0.0, 'critperlevel': 0.0, 'attackdamage': 53.544, 'attackdamageperlevel': 3.3, 'attackspeedoffset': 0.0, 'attackspeedperlevel': 1.36}"
Malphite,"['Tank', 'Fighter']","{'hp': 574.2, 'hpperlevel': 90.0, 'mp': 282.2, 'mpperlevel': 40.0, 'movespeed': 335.0, 'armor': 28.3, 'armorperlevel': 3.75, 'spellblock': 32.1, 'spellblockperlevel': 1.25, 'attackrange': 125.0, 'hpregen': 7.0, 'hpregenperlevel': 0.55, 'mpregen': 7.32, 'mpregenperlevel': 0.55, 'crit': 0.0, 'critperlevel': 0.0, 'attackdamage': 61.97, 'attackdamageperlevel': 3.375, 'attackspeedoffset': -0.02, 'attackspeedperlevel': 3.4}"
Malzahar,"['Mage', 'Assassin']","{'hp': 525.0, 'hpperlevel': 75.0, 'mp': 300.0, 'mpperlevel': 55.0, 'movespeed': 335.0, 'armor': 20.0, 'armorperlevel': 3.5, 'spellblock': 30.0, 'spellblockperlevel': 0.0, 'attackrange': 500.0, 'hpregen': 6.0, 'hpregenperlevel': 0.6, 'mpregen': 6.0, 'mpregenperlevel': 0.8, 'crit': 0.0, 'critperlevel': 0.0, 'attackdamage': 55.0, 'attackdamageperlevel': 3.0, 'attackspeedoffset': 0.0, 'attackspeedperlevel': 1.5}"
Maokai,"['Tank', 'Mage']","{'hp': 572.2, 'hpperlevel': 90.0, 'mp': 377.28, 'mpperlevel': 43.0, 'movespeed': 335.0, 'armor': 28.72, 'armorperlevel': 4.0, 'spellblock': 32.1, 'spellblockperlevel': 1.25, 'attackrange': 125.0, 'hpregen': 7.0, 'hpregenperlevel': 0.75, 'mpregen': 7.205, 'mpregenperlevel': 0.45, 'crit': 0.0, 'critperlevel': 0.0, 'attackdamage': 63.544, 'attackdamageperlevel': 3.3, 'attackspeedoffset': -0.1, 'attackspeedperlevel': 2.125}"
MasterYi,"['Assassin', 'Fighter']","{'hp': 598.56, 'hpperlevel': 92.0, 'mp': 250.56, 'mpperlevel': 42.0, 'movespeed': 355.0, 'armor': 24.04, 'armorperlevel': 3.0, 'spellblock': 32.1, 'spellblockperlevel': 1.25, 'attackrange': 125.0, 'hpregen': 7.59, 'hpregenperlevel': 0.65, 'mpregen': 7.255, 'mpregenperlevel': 0.45, 'crit': 0.0, 'critperlevel': 0.0, 'attackdamage': 60.04, 'attackdamageperlevel': 3.0, 'attackspeedoffset': -0.08, 'attackspeedperlevel': 2.0}"
MissFortune,['Marksman'],"{'hp': 530.0, 'hpperlevel': 85.0, 'mp': 325.84, 'mpperlevel': 35.0, 'movespeed': 325.0, 'armor': 24.04, 'armorperlevel': 3.0, 'spellblock': 30.0, 'spellblockperlevel': 0.0, 'attackrange': 550.0, 'hpregen': 6.19, 'hpregenperlevel': 0.65, 'mpregen': 8.04, 'mpregenperlevel': 0.65, 'crit': 0.0, 'critperlevel': 0.0, 'attackdamage': 46.0, 'attackdamageperlevel': 1.0, 'attackspeedoffset': -0.04734, 'attackspeedperlevel': 3.0}"
MonkeyKing,"['Fighter', 'Tank']","{'hp': 577.8, 'hpperlevel': 85.0, 'mp': 265.84, 'mpperlevel': 38.0, 'movespeed': 345.0, 'armor': 24.88, 'armorperlevel': 3.5, 'spellblock': 32.1, 'spellblockperlevel': 1.25, 'attackrange': 175.0, 'hpregen': 6.19, 'hpregenperlevel': 0.65, 'mpregen': 8.04, 'mpregenperlevel': 0.65, 'crit': 0.0, 'critperlevel': 0.0, 'attackdamage': 59.876, 'attackdamageperlevel': 3.2, 'attackspeedoffset': -0.05, 'attackspeedperlevel': 3.0}"
Mordekaiser,['Fighter'],"{'hp': 525.0, 'hpperlevel': 73.0, 'mp': 0.0, 'mpperlevel': 0.0, 'movespeed': 325.0, 'armor': 20.0, 'armorperlevel': 3.75, 'spellblock': 32.1, 'spellblockperlevel': 1.25, 'attackrange': 175.0, 'hpregen': 4.0, 'hpregenperlevel': 0.3, 'mpregen': 0.0, 'mpregenperlevel': 0.0, 'crit': 0.0, 'critperlevel': 0.0, 'attackdamage': 61.0, 'attackdamageperlevel': 5.0, 'attackspeedoffset': 0.04, 'attackspeedperlevel': 2.2}"
Morgana,"['Mage', 'Support']","{'hp': 547.48, 'hpperlevel': 86.0, 'mp': 340.8, 'mpperlevel': 60.0, 'movespeed': 335.0, 'armor': 25.384, 'armorperlevel': 3.8, 'spellblock': 30.0, 'spellblockperlevel': 0.0, 'attackrange': 450.0, 'hpregen': 5.705, 'hpregenperlevel': 0.6, 'mpregen': 8.5, 'mpregenperlevel': 0.8, 'crit': 0.0, 'critperlevel': 0.0, 'attackdamage': 55.46, 'attackdamageperlevel': 3.5, 'attackspeedoffset': 0.0, 'attackspeedperlevel': 1.53}"
Nami,"['Support', 'Mage']","{'hp': 489.32, 'hpperlevel': 74.0, 'mp': 377.24, 'mpperlevel': 43.0, 'movespeed': 335.0, 'armor': 19.72, 'armorperlevel': 4.0, 'spellblock': 30.0, 'spellblockperlevel': 0.0, 'attackrange': 550.0, 'hpregen': 5.42, 'hpregenperlevel': 0.55, 'mpregen': 11.5, 'mpregenperlevel': 0.4, 'crit': 0.0, 'critperlevel': 0.0, 'attackdamage': 51.208, 'attackdamageperlevel': 3.1, 'attackspeedoffset': -0.03, 'attackspeedperlevel': 2.61}"
Nasus,"['Fighter', 'Tank']","{'hp': 561.2, 'hpperlevel': 90.0, 'mp': 325.6, 'mpperlevel': 42.0, 'movespeed': 350.0, 'armor': 24.88, 'armorperlevel': 3.5, 'spellblock': 32.1, 'spellblockperlevel': 1.25, 'attackrange': 125.0, 'hpregen': 9.01, 'hpregenperlevel': 0.9, 'mpregen': 7.44, 'mpregenperlevel': 0.5, 'crit': 0.0, 'critperlevel': 0.0, 'attackdamage': 59.18, 'attackdamageperlevel': 3.5, 'attackspeedoffset': -0.02, 'attackspeedperlevel': 3.48}"
Nautilus,"['Tank', 'Fighter']","{'hp': 576.48, 'hpperlevel': 86.0, 'mp': 334.0, 'mpperlevel': 47.0, 'movespeed': 325.0, 'armor': 26.46, 'armorperlevel': 3.75, 'spellblock': 32.1, 'spellblockperlevel': 1.25, 'attackrange': 175.0, 'hpregen': 8.37, 'hpregenperlevel': 0.55, 'mpregen': 8.625, 'mpregenperlevel': 0.7, 'crit': 0.0, 'critperlevel': 0.0, 'attackdamage': 57.544, 'attackdamageperlevel': 3.3, 'attackspeedoffset': 0.02, 'attackspeedperlevel': 1.0}"
Nidalee,"['Assassin', 'Fighter']","{'hp': 511.2, 'hpperlevel': 80.0, 'mp': 295.6, 'mpperlevel': 45.0, 'movespeed': 335.0, 'armor': 22.88, 'armorperlevel': 3.5, 'spellblock': 30.0, 'spellblockperlevel': 0.0, 'attackrange': 525.0, 'hpregen': 6.005, 'hpregenperlevel': 0.6, 'mpregen': 6.0, 'mpregenperlevel': 0.8, 'crit': 0.0, 'critperlevel': 0.0, 'attackdamage': 53.0, 'attackdamageperlevel': 3.5, 'attackspeedoffset': -0.02, 'attackspeedperlevel': 3.22}"
Nocturne,"['Assassin', 'Fighter']","{'hp': 582.8, 'hpperlevel': 85.0, 'mp': 273.8, 'mpperlevel': 35.0, 'movespeed': 345.0, 'armor': 26.88, 'armorperlevel': 3.5, 'spellblock': 32.1, 'spellblockperlevel': 1.25, 'attackrange': 125.0, 'hpregen': 8.26, 'hpregenperlevel': 0.75, 'mpregen': 6.755, 'mpregenperlevel': 0.45, 'crit': 0.0, 'critperlevel': 0.0, 'attackdamage': 59.208, 'attackdamageperlevel': 3.1, 'attackspeedoffset': -0.065, 'attackspeedperlevel': 2.7}"
Nunu,"['Support', 'Fighter']","{'hp': 598.28, 'hpperlevel': 90.0, 'mp': 283.56, 'mpperlevel': 42.0, 'movespeed': 350.0, 'armor': 26.38, 'armorperlevel': 3.5, 'spellblock': 32.1, 'spellblockperlevel': 1.25, 'attackrange': 125.0, 'hpregen': 8.39, 'hpregenperlevel': 0.8, 'mpregen': 7.44, 'mpregenperlevel': 0.5, 'crit': 0.0, 'critperlevel': 0.0, 'attackdamage': 59.0, 'attackdamageperlevel': 4.0, 'attackspeedoffset': 0.0, 'attackspeedperlevel': 2.25}"
Olaf,"['Fighter', 'Tank']","{'hp': 597.24, 'hpperlevel': 93.0, 'mp': 315.6, 'mpperlevel': 42.0, 'movespeed': 350.0, 'armor': 26.04, 'armorperlevel': 3.0, 'spellblock': 32.1, 'spellblockperlevel': 1.25, 'attackrange': 125.0, 'hpregen': 8.51, 'hpregenperlevel': 0.9, 'mpregen': 7.465, 'mpregenperlevel': 0.575, 'crit': 0.0, 'critperlevel': 0.0, 'attackdamage': 59.98, 'attackdamageperlevel': 3.5, 'attackspeedoffset': -0.1, 'attackspeedperlevel': 2.7}"
Orianna,"['Mage', 'Support']","{'hp': 517.72, 'hpperlevel': 79.0, 'mp': 334.0, 'mpperlevel': 50.0, 'movespeed': 325.0, 'armor': 17.04, 'armorperlevel': 3.0, 'spellblock': 30.0, 'spellblockperlevel': 0.0, 'attackrange': 525.0, 'hpregen': 6.87, 'hpregenperlevel': 0.55, 'mpregen': 6.0, 'mpregenperlevel': 0.8, 'crit': 0.0, 'critperlevel': 0.0, 'attackdamage': 40.368, 'attackdamageperlevel': 2.6, 'attackspeedoffset': -0.05, 'attackspeedperlevel': 3.5}"
Pantheon,"['Fighter', 'Assassin']","{'hp': 579.16, 'hpperlevel': 87.0, 'mp': 317.12, 'mpperlevel': 31.0, 'movespeed': 355.0, 'armor': 27.652, 'armorperlevel': 3.9, 'spellblock': 32.1, 'spellblockperlevel': 1.25, 'attackrange': 150.0, 'hpregen': 7.84, 'hpregenperlevel': 0.65, 'mpregen': 7.355, 'mpregenperlevel': 0.45, 'crit': 0.0, 'critperlevel': 0.0, 'attackdamage': 55.572, 'attackdamageperlevel': 2.9, 'attackspeedoffset': -0.03, 'attackspeedperlevel': 2.95}"
Poppy,"['Tank', 'Fighter']","{'hp': 540.0, 'hpperlevel': 90.0, 'mp': 280.0, 'mpperlevel': 40.0, 'movespeed': 345.0, 'armor': 29.0, 'armorperlevel': 3.5, 'spellblock': 32.0, 'spellblockperlevel': 1.25, 'attackrange': 125.0, 'hpregen': 8.0, 'hpregenperlevel': 0.8, 'mpregen': 7.0, 'mpregenperlevel': 0.7, 'crit': 0.0, 'critperlevel': 0.0, 'attackdamage': 56.0, 'attackdamageperlevel': 4.0, 'attackspeedoffset': 0.0, 'attackspeedperlevel': 2.5}"
Quinn,"['Marksman', 'Fighter']","{'hp': 532.8, 'hpperlevel': 85.0, 'mp': 268.8, 'mpperlevel': 35.0, 'movespeed': 335.0, 'armor': 23.38, 'armorperlevel': 3.5, 'spellblock': 30.0, 'spellblockperlevel': 0.0, 'attackrange': 525.0, 'hpregen': 5.42, 'hpregenperlevel': 0.55, 'mpregen': 6.97, 'mpregenperlevel': 0.4, 'crit': 0.0, 'critperlevel': 0.0, 'attackdamage': 54.46, 'attackdamageperlevel': 2.41, 'attackspeedoffset': -0.065, 'attackspeedperlevel': 3.1}"
Rammus,"['Tank', 'Fighter']","{'hp': 564.48, 'hpperlevel': 86.0, 'mp': 310.44, 'mpperlevel': 33.0, 'movespeed': 335.0, 'armor': 31.384, 'armorperlevel': 4.3, 'spellblock': 32.1, 'spellblockperlevel': 1.25, 'attackrange': 125.0, 'hpregen': 7.92, 'hpregenperlevel': 0.55, 'mpregen': 7.84, 'mpregenperlevel': 0.5, 'crit': 0.0, 'critperlevel': 0.0, 'attackdamage': 55.88, 'attackdamageperlevel': 3.5, 'attackspeedoffset': 0.0, 'attackspeedperlevel': 2.215}"
RekSai,['Fighter'],"{'hp': 570.0, 'hpperlevel': 90.0, 'mp': 100.0, 'mpperlevel': 0.0, 'movespeed': 335.0, 'armor': 24.0, 'armorperlevel': 3.4, 'spellblock': 32.1, 'spellblockperlevel': 1.25, 'attackrange': 175.0, 'hpregen': 7.34, 'hpregenperlevel': 0.65, 'mpregen': 0.0, 'mpregenperlevel': 0.0, 'crit': 0.0, 'critperlevel': 0.0, 'attackdamage': 55.628, 'attackdamageperlevel': 3.35, 'attackspeedoffset': 0.0, 'attackspeedperlevel': 2.0}"
Renekton,"['Fighter', 'Tank']","{'hp': 572.16, 'hpperlevel': 87.0, 'mp': 100.0, 'mpperlevel': 0.0, 'movespeed': 345.0, 'armor': 25.584, 'armorperlevel': 3.8, 'spellblock': 32.1, 'spellblockperlevel': 1.25, 'attackrange': 125.0, 'hpregen': 7.96, 'hpregenperlevel': 0.75, 'mpregen': 0.0, 'mpregenperlevel': 0.0, 'crit': 0.0, 'critperlevel': 0.0, 'attackdamage': 58.328, 'attackdamageperlevel': 3.1, 'attackspeedoffset': -0.06, 'attackspeedperlevel': 2.65}"
Rengar,"['Assassin', 'Fighter']","{'hp': 586.2, 'hpperlevel': 90.0, 'mp': 4.0, 'mpperlevel': 0.0, 'movespeed': 345.0, 'armor': 25.88, 'armorperlevel': 3.0, 'spellblock': 32.1, 'spellblockperlevel': 1.25, 'attackrange': 125.0, 'hpregen': 7.0, 'hpregenperlevel': 0.5, 'mpregen': 0.0, 'mpregenperlevel': 0.0, 'crit': 0.0, 'critperlevel': 0.0, 'attackdamage': 60.0, 'attackdamageperlevel': 1.5, 'attackspeedoffset': 0.0, 'attackspeedperlevel': 3.5}"
Riven,"['Fighter', 'Assassin']","{'hp': 558.48, 'hpperlevel': 86.0, 'mp': 0.0, 'mpperlevel': 0.0, 'movespeed': 340.0, 'armor': 24.376, 'armorperlevel': 3.2, 'spellblock': 32.1, 'spellblockperlevel': 1.25, 'attackrange': 125.0, 'hpregen': 5.34, 'hpregenperlevel': 0.5, 'mpregen': 0.0, 'mpregenperlevel': 0.0, 'crit': 0.0, 'critperlevel': 0.0, 'attackdamage': 56.04, 'attackdamageperlevel': 3.0, 'attackspeedoffset': 0.0, 'attackspeedperlevel': 3.5}"
Rumble,"['Fighter', 'Mage']","{'hp': 584.4, 'hpperlevel': 80.0, 'mp': 100.0, 'mpperlevel': 0.0, 'movespeed': 345.0, 'armor': 25.88, 'armorperlevel': 3.5, 'spellblock': 32.1, 'spellblockperlevel': 1.25, 'attackrange': 125.0, 'hpregen': 8.005, 'hpregenperlevel': 0.6, 'mpregen': 0.0, 'mpregenperlevel': 0.0, 'crit': 0.0, 'critperlevel': 0.0, 'attackdamage': 61.036, 'attackdamageperlevel': 3.2, 'attackspeedoffset': -0.03, 'attackspeedperlevel': 1.85}"
Ryze,"['Mage', 'Fighter']","{'hp': 558.48, 'hpperlevel': 86.0, 'mp': 400.0, 'mpperlevel': 50.0, 'movespeed': 340.0, 'armor': 21.552, 'armorperlevel': 3.0, 'spellblock': 30.0, 'spellblockperlevel': 0.0, 'attackrange': 550.0, 'hpregen': 7.0, 'hpregenperlevel': 0.55, 'mpregen': 6.0, 'mpregenperlevel': 0.8, 'crit': 0.0, 'critperlevel': 0.0, 'attackdamage': 55.04, 'attackdamageperlevel': 3.0, 'attackspeedoffset': 0.0, 'attackspeedperlevel': 2.112}"
Sejuani,"['Tank', 'Fighter']","{'hp': 600.0, 'hpperlevel': 95.0, 'mp': 400.0, 'mpperlevel': 40.0, 'movespeed': 340.0, 'armor': 29.54, 'armorperlevel': 3.0, 'spellblock': 32.1, 'spellblockperlevel': 1.25, 'attackrange': 125.0, 'hpregen': 8.675, 'hpregenperlevel': 0.85, 'mpregen': 7.205, 'mpregenperlevel': 0.45, 'crit': 0.0, 'critperlevel': 0.0, 'attackdamage': 57.544, 'attackdamageperlevel': 3.3, 'attackspeedoffset': -0.0672, 'attackspeedperlevel': 1.44}"
Shaco,['Assassin'],"{'hp': 582.12, 'hpperlevel': 84.0, 'mp': 297.2, 'mpperlevel': 40.0, 'movespeed': 350.0, 'armor': 24.88, 'armorperlevel': 3.5, 'spellblock': 32.1, 'spellblockperlevel': 1.25, 'attackrange': 125.0, 'hpregen': 8.37, 'hpregenperlevel': 0.55, 'mpregen': 7.155, 'mpregenperlevel': 0.45, 'crit': 0.0, 'critperlevel': 0.0, 'attackdamage': 57.58, 'attackdamageperlevel': 3.5, 'attackspeedoffset': -0.1, 'attackspeedperlevel': 3.0}"
Shen,"['Tank', 'Melee']","{'hp': 540.0, 'hpperlevel': 85.0, 'mp': 400.0, 'mpperlevel': 0.0, 'movespeed': 340.0, 'armor': 25.0, 'armorperlevel': 3.0, 'spellblock': 32.1, 'spellblockperlevel': 1.25, 'attackrange': 125.0, 'hpregen': 8.5, 'hpregenperlevel': 0.75, 'mpregen': 50.0, 'mpregenperlevel': 0.0, 'crit': 0.0, 'critperlevel': 0.0, 'attackdamage': 60.0, 'attackdamageperlevel': 3.0, 'attackspeedoffset': 0.0, 'attackspeedperlevel': 2.0}"
Shyvana,"['Fighter', 'Tank']","{'hp': 595.0, 'hpperlevel': 95.0, 'mp': 100.0, 'mpperlevel': 0.0, 'movespeed': 350.0, 'armor': 27.628, 'armorperlevel': 3.35, 'spellblock': 32.1, 'spellblockperlevel': 1.25, 'attackrange': 125.0, 'hpregen': 8.6, 'hpregenperlevel': 0.8, 'mpregen': 0.0, 'mpregenperlevel': 0.0, 'crit': 0.0, 'critperlevel': 0.0, 'attackdamage': 60.712, 'attackdamageperlevel': 3.4, 'attackspeedoffset': -0.05, 'attackspeedperlevel': 2.5}"
Singed,"['Tank', 'Fighter']","{'hp': 542.76, 'hpperlevel': 82.0, 'mp': 290.6, 'mpperlevel': 45.0, 'movespeed': 345.0, 'armor': 27.88, 'armorperlevel': 3.5, 'spellblock': 32.1, 'spellblockperlevel': 1.25, 'attackrange': 125.0, 'hpregen': 8.02, 'hpregenperlevel': 0.55, 'mpregen': 7.52, 'mpregenperlevel': 0.55, 'crit': 0.0, 'critperlevel': 0.0, 'attackdamage': 62.32, 'attackdamageperlevel': 3.375, 'attackspeedoffset': 0.02, 'attackspeedperlevel': 1.81}"
Sion,"['Tank', 'Fighter']","{'hp': 542.64, 'hpperlevel': 73.0, 'mp': 325.6, 'mpperlevel': 42.0, 'movespeed': 345.0, 'armor': 23.04, 'armorperlevel': 3.0, 'spellblock': 32.1, 'spellblockperlevel': 1.25, 'attackrange': 175.0, 'hpregen': 10.18, 'hpregenperlevel': 0.8, 'mpregen': 8.005, 'mpregenperlevel': 0.6, 'crit': 0.0, 'critperlevel': 0.0, 'attackdamage': 59.72, 'attackdamageperlevel': 4.0, 'attackspeedoffset': -0.08, 'attackspeedperlevel': 1.3}"
Sivir,['Marksman'],"{'hp': 515.76, 'hpperlevel': 82.0, 'mp': 284.0, 'mpperlevel': 50.0, 'movespeed': 335.0, 'armor': 22.21, 'armorperlevel': 3.25, 'spellblock': 30.0, 'spellblockperlevel': 0.0, 'attackrange': 500.0, 'hpregen': 5.17, 'hpregenperlevel': 0.55, 'mpregen': 8.01, 'mpregenperlevel': 0.9, 'crit': 0.0, 'critperlevel': 0.0, 'attackdamage': 57.46, 'attackdamageperlevel': 2.41, 'attackspeedoffset': 0.0, 'attackspeedperlevel': 1.6}"
Skarner,"['Fighter', 'Tank']","{'hp': 601.28, 'hpperlevel': 90.0, 'mp': 272.2, 'mpperlevel': 40.0, 'movespeed': 335.0, 'armor': 29.384, 'armorperlevel': 3.8, 'spellblock': 32.1, 'spellblockperlevel': 1.25, 'attackrange': 125.0, 'hpregen': 8.925, 'hpregenperlevel': 0.85, 'mpregen': 7.205, 'mpregenperlevel': 0.45, 'crit': 0.0, 'critperlevel': 0.0, 'attackdamage': 57.156, 'attackdamageperlevel': 4.5, 'attackspeedoffset': 0.0, 'attackspeedperlevel': 2.1}"
Sona,"['Support', 'Mage']","{'hp': 482.36, 'hpperlevel': 77.0, 'mp': 340.6, 'mpperlevel': 45.0, 'movespeed': 325.0, 'armor': 20.544, 'armorperlevel': 3.3, 'spellblock': 30.0, 'spellblockperlevel': 0.0, 'attackrange': 550.0, 'hpregen': 5.42, 'hpregenperlevel': 0.55, 'mpregen': 11.5, 'mpregenperlevel': 0.4, 'crit': 0.0, 'critperlevel': 0.0, 'attackdamage': 50.04, 'attackdamageperlevel': 3.0, 'attackspeedoffset': -0.03, 'attackspeedperlevel': 2.3}"
Soraka,"['Support', 'Mage']","{'hp': 529.04, 'hpperlevel': 78.0, 'mp': 350.8, 'mpperlevel': 60.0, 'movespeed': 325.0, 'armor': 23.384, 'armorperlevel': 3.8, 'spellblock': 30.0, 'spellblockperlevel': 0.0, 'attackrange': 550.0, 'hpregen': 2.5, 'hpregenperlevel': 0.5, 'mpregen': 11.5, 'mpregenperlevel': 0.4, 'crit': 0.0, 'critperlevel': 0.0, 'attackdamage': 50.04, 'attackdamageperlevel': 3.0, 'attackspeedoffset': 0.0, 'attackspeedperlevel': 2.14}"
Swain,"['Mage', 'Fighter']","{'hp': 516.04, 'hpperlevel': 90.0, 'mp': 374.0, 'mpperlevel': 47.0, 'movespeed': 335.0, 'armor': 22.72, 'armorperlevel': 4.0, 'spellblock': 30.0, 'spellblockperlevel': 0.0, 'attackrange': 500.0, 'hpregen': 7.84, 'hpregenperlevel': 0.65, 'mpregen': 6.0, 'mpregenperlevel': 0.8, 'crit': 0.0, 'critperlevel': 0.0, 'attackdamage': 52.04, 'attackdamageperlevel': 3.0, 'attackspeedoffset': 0.0, 'attackspeedperlevel': 2.11}"
Syndra,"['Mage', 'Support']","{'hp': 511.04, 'hpperlevel': 78.0, 'mp': 384.0, 'mpperlevel': 60.0, 'movespeed': 330.0, 'armor': 24.712, 'armorperlevel': 3.4, 'spellblock': 30.0, 'spellblockperlevel': 0.0, 'attackrange': 550.0, 'hpregen': 6.505, 'hpregenperlevel': 0.6, 'mpregen': 6.0, 'mpregenperlevel': 0.8, 'crit': 0.0, 'critperlevel': 0.0, 'attackdamage': 53.872, 'attackdamageperlevel': 2.9, 'attackspeedoffset': 0.0, 'attackspeedperlevel': 2.0}"
TahmKench,"['Support', 'Tank']","{'hp': 610.0, 'hpperlevel': 95.0, 'mp': 325.0, 'mpperlevel': 40.0, 'movespeed': 335.0, 'armor': 27.0, 'armorperlevel': 3.5, 'spellblock': 32.1, 'spellblockperlevel': 1.25, 'attackrange': 175.0, 'hpregen': 6.5, 'hpregenperlevel': 0.55, 'mpregen': 8.0, 'mpregenperlevel': 1.0, 'crit': 0.0, 'critperlevel': 0.0, 'attackdamage': 56.0, 'attackdamageperlevel': 3.2, 'attackspeedoffset': 0.0, 'attackspeedperlevel': 2.5}"
Taliyah,"['Mage', 'Support']","{'hp': 520.0, 'hpperlevel': 75.0, 'mp': 340.0, 'mpperlevel': 60.0, 'movespeed': 325.0, 'armor': 20.0, 'armorperlevel': 3.0, 'spellblock': 30.0, 'spellblockperlevel': 0.0, 'attackrange': 525.0, 'hpregen': 7.0, 'hpregenperlevel': 0.7, 'mpregen': 7.0, 'mpregenperlevel': 0.85, 'crit': 0.0, 'critperlevel': 0.0, 'attackdamage': 56.0, 'attackdamageperlevel': 3.3, 'attackspeedoffset': 0.0, 'attackspeedperlevel': 1.36}"
Talon,"['Assassin', 'Fighter']","{'hp': 583.0, 'hpperlevel': 90.0, 'mp': 377.2, 'mpperlevel': 37.0, 'movespeed': 335.0, 'armor': 26.88, 'armorperlevel': 3.5, 'spellblock': 32.1, 'spellblockperlevel': 1.25, 'attackrange': 125.0, 'hpregen': 8.51, 'hpregenperlevel': 0.75, 'mpregen': 7.59, 'mpregenperlevel': 0.5, 'crit': 0.0, 'critperlevel': 0.0, 'attackdamage': 60.0, 'attackdamageperlevel': 3.1, 'attackspeedoffset': 0.0, 'attackspeedperlevel': 2.9}"
Taric,"['Support', 'Fighter']","{'hp': 575.0, 'hpperlevel': 90.0, 'mp': 300.0, 'mpperlevel': 60.0, 'movespeed': 340.0, 'armor': 25.0, 'armorperlevel': 3.4, 'spellblock': 32.1, 'spellblockperlevel': 1.25, 'attackrange': 150.0, 'hpregen': 6.0, 'hpregenperlevel': 0.5, 'mpregen': 5.0, 'mpregenperlevel': 1.0, 'crit': 0.0, 'critperlevel': 0.0, 'attackdamage': 55.0, 'attackdamageperlevel': 3.5, 'attackspeedoffset': 0.0, 'attackspeedperlevel': 2.0}"
Teemo,"['Marksman', 'Assassin']","{'hp': 515.76, 'hpperlevel': 82.0, 'mp': 267.2, 'mpperlevel': 40.0, 'movespeed': 330.0, 'armor': 24.3, 'armorperlevel': 3.75, 'spellblock': 30.0, 'spellblockperlevel': 0.0, 'attackrange': 500.0, 'hpregen': 5.74, 'hpregenperlevel': 0.65, 'mpregen': 7.205, 'mpregenperlevel': 0.45, 'crit': 0.0, 'critperlevel': 0.0, 'attackdamage': 49.54, 'attackdamageperlevel': 3.0, 'attackspeedoffset': -0.0947, 'attackspeedperlevel': 3.38}"
Thresh,"['Support', 'Fighter']","{'hp': 560.52, 'hpperlevel': 93.0, 'mp': 273.92, 'mpperlevel': 44.0, 'movespeed': 335.0, 'armor': 16.0, 'armorperlevel': 0.0, 'spellblock': 30.0, 'spellblockperlevel': 0.0, 'attackrange': 450.0, 'hpregen': 6.92, 'hpregenperlevel': 0.55, 'mpregen': 6.0, 'mpregenperlevel': 0.8, 'crit': 0.0, 'critperlevel': 0.0, 'attackdamage': 47.696, 'attackdamageperlevel': 2.2, 'attackspeedoffset': 0.0, 'attackspeedperlevel': 3.5}"
Tristana,"['Marksman', 'Assassin']","{'hp': 542.76, 'hpperlevel': 82.0, 'mp': 246.76, 'mpperlevel': 32.0, 'movespeed': 325.0, 'armor': 22.0, 'armorperlevel': 3.0, 'spellblock': 30.0, 'spellblockperlevel': 0.0, 'attackrange': 550.0, 'hpregen': 6.19, 'hpregenperlevel': 0.65, 'mpregen': 7.205, 'mpregenperlevel': 0.45, 'crit': 0.0, 'critperlevel': 0.0, 'attackdamage': 56.96, 'attackdamageperlevel': 2.41, 'attackspeedoffset': -0.04734, 'attackspeedperlevel': 1.5}"
Trundle,"['Fighter', 'Tank']","{'hp': 616.28, 'hpperlevel': 96.0, 'mp': 281.6, 'mpperlevel': 45.0, 'movespeed': 350.0, 'armor': 27.536, 'armorperlevel': 2.7, 'spellblock': 32.1, 'spellblockperlevel': 1.25, 'attackrange': 175.0, 'hpregen': 6.0, 'hpregenperlevel': 0.75, 'mpregen': 7.505, 'mpregenperlevel': 0.6, 'crit': 0.0, 'critperlevel': 0.0, 'attackdamage': 60.04, 'attackdamageperlevel': 3.0, 'attackspeedoffset': -0.0672, 'attackspeedperlevel': 2.9}"
Tryndamere,"['Fighter', 'Assassin']","{'hp': 625.64, 'hpperlevel': 98.0, 'mp': 100.0, 'mpperlevel': 0.0, 'movespeed': 345.0, 'armor': 24.108, 'armorperlevel': 3.1, 'spellblock': 32.1, 'spellblockperlevel': 1.25, 'attackrange': 125.0, 'hpregen': 8.51, 'hpregenperlevel': 0.9, 'mpregen': 0.0, 'mpregenperlevel': 0.0, 'crit': 0.0, 'critperlevel': 0.0, 'attackdamage': 61.376, 'attackdamageperlevel': 3.2, 'attackspeedoffset': -0.0672, 'attackspeedperlevel': 2.9}"
TwistedFate,['Mage'],"{'hp': 521.76, 'hpperlevel': 82.0, 'mp': 265.84, 'mpperlevel': 38.0, 'movespeed': 330.0, 'armor': 20.542, 'armorperlevel': 3.15, 'spellblock': 30.0, 'spellblockperlevel': 0.0, 'attackrange': 525.0, 'hpregen': 5.505, 'hpregenperlevel': 0.6, 'mpregen': 6.0, 'mpregenperlevel': 0.8, 'crit': 0.0, 'critperlevel': 0.0, 'attackdamage': 49.954, 'attackdamageperlevel': 3.3, 'attackspeedoffset': -0.04, 'attackspeedperlevel': 3.22}"
Twitch,"['Marksman', 'Assassin']","{'hp': 525.08, 'hpperlevel': 81.0, 'mp': 287.2, 'mpperlevel': 40.0, 'movespeed': 330.0, 'armor': 23.04, 'armorperlevel': 3.0, 'spellblock': 30.0, 'spellblockperlevel': 0.0, 'attackrange': 550.0, 'hpregen': 6.005, 'hpregenperlevel': 0.6, 'mpregen': 7.255, 'mpregenperlevel': 0.45, 'crit': 0.0, 'critperlevel': 0.0, 'attackdamage': 55.46, 'attackdamageperlevel': 2.41, 'attackspeedoffset': -0.08, 'attackspeedperlevel': 3.38}"
Udyr,"['Fighter', 'Tank']","{'hp': 593.32, 'hpperlevel': 99.0, 'mp': 270.4, 'mpperlevel': 30.0, 'movespeed': 345.0, 'armor': 25.47, 'armorperlevel': 4.0, 'spellblock': 32.1, 'spellblockperlevel': 1.25, 'attackrange': 125.0, 'hpregen': 6.0, 'hpregenperlevel': 0.75, 'mpregen': 7.505, 'mpregenperlevel': 0.45, 'crit': 0.0, 'critperlevel': 0.0, 'attackdamage': 58.286, 'attackdamageperlevel': 3.2, 'attackspeedoffset': -0.05, 'attackspeedperlevel': 2.67}"
Urgot,"['Marksman', 'Fighter']","{'hp': 586.52, 'hpperlevel': 89.0, 'mp': 312.4, 'mpperlevel': 55.0, 'movespeed': 335.0, 'armor': 24.544, 'armorperlevel': 3.3, 'spellblock': 30.0, 'spellblockperlevel': 0.0, 'attackrange': 425.0, 'hpregen': 6.505, 'hpregenperlevel': 0.6, 'mpregen': 8.59, 'mpregenperlevel': 0.65, 'crit': 0.0, 'critperlevel': 0.0, 'attackdamage': 54.05, 'attackdamageperlevel': 3.6, 'attackspeedoffset': -0.03, 'attackspeedperlevel': 2.9}"
Varus,"['Marksman', 'Mage']","{'hp': 537.76, 'hpperlevel': 82.0, 'mp': 360.48, 'mpperlevel': 33.0, 'movespeed': 330.0, 'armor': 23.212, 'armorperlevel': 3.4, 'spellblock': 30.0, 'spellblockperlevel': 0.0, 'attackrange': 575.0, 'hpregen': 5.42, 'hpregenperlevel': 0.55, 'mpregen': 7.34, 'mpregenperlevel': 0.8, 'crit': 0.0, 'critperlevel': 0.0, 'attackdamage': 54.66, 'attackdamageperlevel': 2.41, 'attackspeedoffset': -0.05, 'attackspeedperlevel': 3.0}"
Vayne,"['Marksman', 'Assassin']","{'hp': 498.44, 'hpperlevel': 83.0, 'mp': 231.8, 'mpperlevel': 35.0, 'movespeed': 330.0, 'armor': 19.012, 'armorperlevel': 3.4, 'spellblock': 30.0, 'spellblockperlevel': 0.0, 'attackrange': 550.0, 'hpregen': 5.42, 'hpregenperlevel': 0.55, 'mpregen': 6.97, 'mpregenperlevel': 0.4, 'crit': 0.0, 'critperlevel': 0.0, 'attackdamage': 55.88, 'attackdamageperlevel': 1.66, 'attackspeedoffset': -0.05, 'attackspeedperlevel': 4.0}"
Veigar,['Mage'],"{'hp': 492.76, 'hpperlevel': 82.0, 'mp': 392.4, 'mpperlevel': 52.0, 'movespeed': 340.0, 'armor': 22.55, 'armorperlevel': 3.75, 'spellblock': 30.0, 'spellblockperlevel': 0.0, 'attackrange': 525.0, 'hpregen': 5.42, 'hpregenperlevel': 0.55, 'mpregen': 6.0, 'mpregenperlevel': 0.8, 'crit': 0.0, 'critperlevel': 0.0, 'attackdamage': 50.71, 'attackdamageperlevel': 2.625, 'attackspeedoffset': 0.0, 'attackspeedperlevel': 2.24}"
Velkoz,['Mage'],"{'hp': 507.68, 'hpperlevel': 76.0, 'mp': 375.6, 'mpperlevel': 42.0, 'movespeed': 340.0, 'armor': 21.88, 'armorperlevel': 3.5, 'spellblock': 30.0, 'spellblockperlevel': 0.0, 'attackrange': 525.0, 'hpregen': 5.42, 'hpregenperlevel': 0.55, 'mpregen': 6.0, 'mpregenperlevel': 0.8, 'crit': 0.0, 'critperlevel': 0.0, 'attackdamage': 54.9379, 'attackdamageperlevel': 3.14159, 'attackspeedoffset': 0.0, 'attackspeedperlevel': 1.36}"
Vi,"['Fighter', 'Assassin']","{'hp': 582.8, 'hpperlevel': 85.0, 'mp': 295.6, 'mpperlevel': 45.0, 'movespeed': 345.0, 'armor': 25.88, 'armorperlevel': 3.5, 'spellblock': 32.1, 'spellblockperlevel': 1.25, 'attackrange': 125.0, 'hpregen': 9.01, 'hpregenperlevel': 0.9, 'mpregen': 8.09, 'mpregenperlevel': 0.65, 'crit': 0.0, 'critperlevel': 0.0, 'attackdamage': 55.88, 'attackdamageperlevel': 3.5, 'attackspeedoffset': -0.03, 'attackspeedperlevel': 2.5}"
Viktor,['Mage'],"{'hp': 516.04, 'hpperlevel': 78.0, 'mp': 324.0, 'mpperlevel': 50.0, 'movespeed': 335.0, 'armor': 22.72, 'armorperlevel': 4.0, 'spellblock': 30.0, 'spellblockperlevel': 0.0, 'attackrange': 525.0, 'hpregen': 7.84, 'hpregenperlevel': 0.65, 'mpregen': 6.0, 'mpregenperlevel': 0.8, 'crit': 0.0, 'critperlevel': 0.0, 'attackdamage': 52.04, 'attackdamageperlevel': 3.0, 'attackspeedoffset': -0.05, 'attackspeedperlevel': 2.11}"
Vladimir,"['Mage', 'Tank']","{'hp': 525.0, 'hpperlevel': 84.0, 'mp': 2.0, 'mpperlevel': 0.0, 'movespeed': 330.0, 'armor': 23.0, 'armorperlevel': 3.3, 'spellblock': 30.0, 'spellblockperlevel': 0.0, 'attackrange': 450.0, 'hpregen': 7.005, 'hpregenperlevel': 0.6, 'mpregen': 0.0, 'mpregenperlevel': 0.0, 'crit': 0.0, 'critperlevel': 0.0, 'attackdamage': 52.0, 'attackdamageperlevel': 3.0, 'attackspeedoffset': 0.0, 'attackspeedperlevel': 2.0}"
Volibear,"['Fighter', 'Tank']","{'hp': 584.48, 'hpperlevel': 86.0, 'mp': 270.4, 'mpperlevel': 30.0, 'movespeed': 345.0, 'armor': 26.38, 'armorperlevel': 3.5, 'spellblock': 32.1, 'spellblockperlevel': 1.25, 'attackrange': 125.0, 'hpregen': 8.09, 'hpregenperlevel': 0.65, 'mpregen': 8.09, 'mpregenperlevel': 0.65, 'crit': 0.0, 'critperlevel': 0.0, 'attackdamage': 59.544, 'attackdamageperlevel': 3.3, 'attackspeedoffset': -0.05, 'attackspeedperlevel': 2.67}"
Warwick,"['Fighter', 'Tank']","{'hp': 592.64, 'hpperlevel': 98.0, 'mp': 240.4, 'mpperlevel': 30.0, 'movespeed': 345.0, 'armor': 25.88, 'armorperlevel': 3.5, 'spellblock': 32.1, 'spellblockperlevel': 1.25, 'attackrange': 125.0, 'hpregen': 8.39, 'hpregenperlevel': 0.8, 'mpregen': 8.105, 'mpregenperlevel': 0.6, 'crit': 0.0, 'critperlevel': 0.0, 'attackdamage': 62.43, 'attackdamageperlevel': 3.375, 'attackspeedoffset': -0.08, 'attackspeedperlevel': 2.88}"
Xerath,"['Mage', 'Assassin']","{'hp': 514.4, 'hpperlevel': 80.0, 'mp': 366.96, 'mpperlevel': 44.0, 'movespeed': 340.0, 'armor': 21.88, 'armorperlevel': 3.5, 'spellblock': 30.0, 'spellblockperlevel': 0.0, 'attackrange': 525.0, 'hpregen': 5.42, 'hpregenperlevel': 0.55, 'mpregen': 6.0, 'mpregenperlevel': 0.8, 'crit': 0.0, 'critperlevel': 0.0, 'attackdamage': 54.7, 'attackdamageperlevel': 3.0, 'attackspeedoffset': 0.0, 'attackspeedperlevel': 1.36}"
XinZhao,"['Fighter', 'Assassin']","{'hp': 600.0, 'hpperlevel': 92.0, 'mp': 273.8, 'mpperlevel': 35.0, 'movespeed': 345.0, 'armor': 25.88, 'armorperlevel': 3.5, 'spellblock': 32.1, 'spellblockperlevel': 1.25, 'attackrange': 175.0, 'hpregen': 8.175, 'hpregenperlevel': 0.7, 'mpregen': 7.255, 'mpregenperlevel': 0.45, 'crit': 0.0, 'critperlevel': 0.0, 'attackdamage': 57.544, 'attackdamageperlevel': 3.3, 'attackspeedoffset': 0.0, 'attackspeedperlevel': 2.6}"
Yasuo,"['Fighter', 'Assassin']","{'hp': 517.76, 'hpperlevel': 82.0, 'mp': 100.0, 'mpperlevel': 0.0, 'movespeed': 345.0, 'armor': 24.712, 'armorperlevel': 3.4, 'spellblock': 30.0, 'spellblockperlevel': 0.0, 'attackrange': 175.0, 'hpregen': 6.51, 'hpregenperlevel': 0.9, 'mpregen': 0.0, 'mpregenperlevel': 0.0, 'crit': 0.0, 'critperlevel': 0.0, 'attackdamage': 55.376, 'attackdamageperlevel': 3.2, 'attackspeedoffset': -0.067, 'attackspeedperlevel': 2.5}"
Yorick,"['Fighter', 'Tank']","{'hp': 580.0, 'hpperlevel': 100.0, 'mp': 300.0, 'mpperlevel': 40.0, 'movespeed': 340.0, 'armor': 30.0, 'armorperlevel': 4.0, 'spellblock': 32.0, 'spellblockperlevel': 1.25, 'attackrange': 175.0, 'hpregen': 8.0, 'hpregenperlevel': 0.8, 'mpregen': 7.5, 'mpregenperlevel': 0.75, 'crit': 0.0, 'critperlevel': 0.0, 'attackdamage': 57.0, 'attackdamageperlevel': 5.0, 'attackspeedoffset': 0.0, 'attackspeedperlevel': 2.0}"
Zac,"['Tank', 'Fighter']","{'hp': 614.6, 'hpperlevel': 95.0, 'mp': 0.0, 'mpperlevel': 0.0, 'movespeed': 340.0, 'armor': 23.88, 'armorperlevel': 3.5, 'spellblock': 32.1, 'spellblockperlevel': 1.25, 'attackrange': 175.0, 'hpregen': 7.92, 'hpregenperlevel': 0.55, 'mpregen': 0.0, 'mpregenperlevel': 0.0, 'crit': 0.0, 'critperlevel': 0.0, 'attackdamage': 59.67, 'attackdamageperlevel': 3.375, 'attackspeedoffset': -0.02, 'attackspeedperlevel': 1.6}"
Zed,"['Assassin', 'Fighter']","{'hp': 579.4, 'hpperlevel': 80.0, 'mp': 200.0, 'mpperlevel': 0.0, 'movespeed': 345.0, 'armor': 26.88, 'armorperlevel': 3.5, 'spellblock': 32.1, 'spellblockperlevel': 1.25, 'attackrange': 125.0, 'hpregen': 7.09, 'hpregenperlevel': 0.65, 'mpregen': 50.0, 'mpregenperlevel': 0.0, 'crit': 0.0, 'critperlevel': 0.0, 'attackdamage': 54.712, 'attackdamageperlevel': 3.4, 'attackspeedoffset': -0.03, 'attackspeedperlevel': 2.1}"
Ziggs,['Mage'],"{'hp': 524.4, 'hpperlevel': 80.0, 'mp': 384.0, 'mpperlevel': 47.0, 'movespeed': 325.0, 'armor': 21.544, 'armorperlevel': 3.3, 'spellblock': 30.0, 'spellblockperlevel': 0.0, 'attackrange': 550.0, 'hpregen': 6.255, 'hpregenperlevel': 0.6, 'mpregen': 6.0, 'mpregenperlevel': 0.8, 'crit': 0.0, 'critperlevel': 0.0, 'attackdamage': 54.208, 'attackdamageperlevel': 3.1, 'attackspeedoffset': -0.04734, 'attackspeedperlevel': 2.0}"
Zilean,"['Support', 'Mage']","{'hp': 499.28, 'hpperlevel': 77.0, 'mp': 360.8, 'mpperlevel': 60.0, 'movespeed': 335.0, 'armor': 19.134, 'armorperlevel': 3.8, 'spellblock': 30.0, 'spellblockperlevel': 0.0, 'attackrange': 550.0, 'hpregen': 5.44, 'hpregenperlevel': 0.5, 'mpregen': 8.5, 'mpregenperlevel': 0.8, 'crit': 0.0, 'critperlevel': 0.0, 'attackdamage': 51.64, 'attackdamageperlevel': 3.0, 'attackspeedoffset': 0.0, 'attackspeedperlevel': 2.13}"
Zyra,"['Mage', 'Support']","{'hp': 499.32, 'hpperlevel': 74.0, 'mp': 334.0, 'mpperlevel': 50.0, 'movespeed': 340.0, 'armor': 20.04, 'armorperlevel': 3.0, 'spellblock': 30.0, 'spellblockperlevel': 0.0, 'attackrange': 575.0, 'hpregen': 5.69, 'hpregenperlevel': 0.5, 'mpregen': 8.5, 'mpregenperlevel': 0.8, 'crit': 0.0, 'critperlevel': 0.0, 'attackdamage': 53.376, 'attackdamageperlevel': 3.2, 'attackspeedoffset': 0.0, 'attackspeedperlevel': 2.11}"
